{
  "name": "氧气",
  "icon": "ad_astra:gas_tank",
  "sortnum": 5,
  "category": "ad_astra:the_first_launch",
  "pages": [
    {
      "type": "patchouli:text",
      "text": "现在，你终于有能力发射火箭了...等等，我们是不是忘了什么？不带些氧气就飞向月球简直是自寻死路。想要在月球中生存，你需要准备一套航天服和一些氧气。"
    },
    {
      "type": "patchouli:crafting",
      "recipe": "ad_astra:space_helmet",
      "recipe2": "ad_astra:space_suit"
    },
    {
      "type": "patchouli:crafting",
      "recipe": "ad_astra:space_pants",
      "recipe2": "ad_astra:space_boots"
    },
    {
      "type": "patchouli:spotlight",
      "title": "氧气",
      "item": "ad_astra:oxygen_bucket",
      "text": "目前的科技水平只允许你从水中获取氧气。要将水电解获得氧气并装载到储罐中，你需要一台氧气装载机。将水桶从左侧放入，通上电，氧气就会不断地被提取...重复多次，直到获得足够的氧气。"
    },
    {
      "type": "patchouli:crafting",
      "title": "氧气装载机",
      "recipe": "ad_astra:oxygen_loader",
      "text": "你可以将氧气装进铁桶和流体储罐中，或是充入航天服里。这样，我们距离火箭发射就只有一步之遥了！"
    }
  ]
}