{
  "name": "金星与水星",
  "icon": "ad_astra:/textures/environment/venus.png",
  "sortnum": 8,
  "category": "ad_astra:surviving_mars",
  "pages": [
    {
      "type": "patchouli:spotlight",
      "title": "耐热金属",
      "item": "ad_astra:calorite_ingot",
      "text": "一旦你准备好一整套的下界合金航天服和一枚三级火箭后，你便可以再度起航——这次目标是金星和水星。请注意，如果你在没有下界合金航天服或抗火效果的情况下进入这些行星，你会死得很快。您需要寻找的下一种材料是耐热金属。"
    },
    {
      "type": "patchouli:text",
      "text": "在金星和水星的极端自然环境中，你需要寻找一种新的材料——耐热金属。使用耐热金属制造的火箭可以载着你前往另一个恒星系..."
    }
  ]
}