{
  "name": "高效燃料",
  "icon": "ad_astra:cryo_freezer",
  "sortnum": 6,
  "category": "ad_astra:surviving_mars",
  "pages": [
    {
      "type": "patchouli:spotlight",
      "title": "凛冰冻结装置",
      "item": "ad_astra:cryo_freezer",
      "text": "要生产传统燃油，你需要在茫茫大海上寻找原油涌泉，再进行繁复的加工处理...而凛冰冻结装置允许你制造出一种更高效的燃料——凛冰燃料。相比于传统精炼燃油的三桶才可以发射一枚火箭，凛冰燃料只需一桶。"
    },
    {
      "type": "patchouli:text",
      "text": "生产凛冰燃料的第一步是前往那些寒冷星球的地表之下，寻找寒冰碎片矿石。将一块寒冰碎片投入凛冰冻结装置中，可以转换出25 mB的凛冰燃料；冰、浮冰和蓝冰也可以作为备用材料生产燃料。在右侧放入空桶即可取出凛冰燃料。"
    },
    {
      "type": "patchouli:crafting",
      "recipe": "ad_astra:cryo_freezer"
    },
    {
      "type": "patchouli:spotlight",
      "title": "凛冰燃料",
      "item": "ad_astra:cryo_fuel_bucket",
      "text": "凛冰燃料的性能非凡，也暗示着它的危险性。它像岩浆一样，会对陷入其中的实体造成伤害；它的温度很低，但却能存放在下界而不用担心被蒸发殆尽；它还是一个永恒的冷冻源，能够源源不断地将一旁的水冻成冰块。"
    }
  ]
}