{
  "minecraft:recipes/decorations/crafting_table": {
    "criteria": {
      "unlock_right_away": "2026-02-09 01:55:58 -0500"
    },
    "done": true
  },
  "minecraft:adventure/adventuring_time": {
    "criteria": {
      "minecraft:forest": "2026-02-09 01:56:36 -0500",
      "minecraft:plains": "2026-02-09 01:56:01 -0500"
    },
    "done": false
  },
  "minecraft:adventure/root": {
    "criteria": {
      "killed_something": "2026-02-09 01:56:47 -0500"
    },
    "done": true
  },
  "ae2wtlib:recipes/magnet_card": {
    "criteria": {
      "has_wct": "2026-02-09 01:57:38 -0500"
    },
    "done": true
  },
  "ae2wtlib:recipes/wireless_universal_terminal/upgrade_pattern_access": {
    "criteria": {
      "has_wit": "2026-02-09 01:57:38 -0500"
    },
    "done": true
  },
  "ae2wtlib:recipes/wireless_pattern_encoding_terminal": {
    "criteria": {
      "has_wt": "2026-02-09 01:57:38 -0500"
    },
    "done": true
  },
  "ae2wtlib:recipes/wireless_universal_terminal/upgrade_pattern_encoding": {
    "criteria": {
      "has_wpt": "2026-02-09 01:57:38 -0500"
    },
    "done": true
  },
  "ae2wtlib:recipes/wireless_universal_terminal/ce": {
    "criteria": {
      "has_wpt": "2026-02-09 01:57:38 -0500",
      "has_wct": "2026-02-09 01:57:38 -0500"
    },
    "done": true
  },
  "ae2wtlib:recipes/wireless_universal_terminal/ca": {
    "criteria": {
      "has_wit": "2026-02-09 01:57:38 -0500",
      "has_wct": "2026-02-09 01:57:38 -0500"
    },
    "done": true
  },
  "ae2wtlib:recipes/wireless_universal_terminal/upgrade_crafting": {
    "criteria": {
      "has_wct": "2026-02-09 01:57:38 -0500"
    },
    "done": true
  },
  "ae2wtlib:recipes/wireless_universal_terminal/ae": {
    "criteria": {
      "has_wit": "2026-02-09 01:57:38 -0500",
      "has_wpt": "2026-02-09 01:57:38 -0500"
    },
    "done": true
  },
  "ae2wtlib:recipes/wireless_pattern_access_terminal": {
    "criteria": {
      "has_wt": "2026-02-09 01:57:38 -0500"
    },
    "done": true
  },
  "ae2wtlib:recipes/quantum_bridge_card": {
    "criteria": {
      "has_wit": "2026-02-09 01:57:38 -0500",
      "has_wpt": "2026-02-09 01:57:38 -0500",
      "has_wct": "2026-02-09 01:57:38 -0500"
    },
    "done": true
  },
  "DataVersion": 3465
}